<application>
  <component name="com.intellij.ide.ui.customization.CustomActionsSchema">
    <group value="NewFromTemplate" is_group="true" action_type="-1" position="8">
      <path value="root" />
      <path value="Favorites View Popup Menu" />
      <path value="New" />
      <option name="myInitialPosition" value="-1" />
    </group>
    <group value="Android.CreateResourcesActionGroup" is_action="true" action_type="1" position="4">
      <path value="root" />
      <path value="Favorites View Popup Menu" />
      <path value="New" />
      <option name="myInitialPosition" value="-1" />
    </group>
    <group value="NewFromTemplate" is_action="true" action_type="1" position="9">
      <path value="root" />
      <path value="Favorites View Popup Menu" />
      <path value="New" />
      <option name="myInitialPosition" value="-1" />
    </group>
    <group value="NewFromTemplate" is_action="true" action_type="1" position="10">
      <path value="root" />
      <path value="Favorites View Popup Menu" />
      <path value="New" />
      <option name="myInitialPosition" value="-1" />
    </group>
  </component>
</application>